{"stats":{"minecraft:crafted":{"minecraft:oak_planks":68,"minecraft:crafting_table":1,"minecraft:stick":8,"minecraft:wooden_pickaxe":2,"minecraft:stone_pickaxe":1,"minecraft:furnace":1,"minecraft:stone_axe":1},"minecraft:used":{"minecraft:stone_pickaxe":25,"minecraft:chest":1,"minecraft:wooden_pickaxe":60,"minecraft:stone_axe":12,"minecraft:dirt":16,"minecraft:beef":5,"minecraft:crafting_table":1,"minecraft:white_bed":1},"minecraft:custom":{"minecraft:time_since_rest":80,"minecraft:sprint_one_cm":2074,"minecraft:damage_taken":968,"minecraft:walk_one_cm":93235,"minecraft:mob_kills":5,"minecraft:damage_dealt":627,"minecraft:interact_with_crafting_table":9,"minecraft:fly_one_cm":2974,"minecraft:open_chest":1,"minecraft:crouch_one_cm":57,"minecraft:play_time":23834,"minecraft:deaths":3,"minecraft:sneak_time":6,"minecraft:walk_under_water_one_cm":2048,"minecraft:jump":516,"minecraft:time_since_death":46,"minecraft:walk_on_water_one_cm":4736,"minecraft:sleep_in_bed":1,"minecraft:total_world_time":23834,"minecraft:fall_one_cm":16645},"minecraft:broken":{"minecraft:wooden_pickaxe":1},"minecraft:killed":{"minecraft:spider":1,"minecraft:cow":3},"minecraft:killed_by":{"minecraft:player":1,"minecraft:zombie":2},"minecraft:picked_up":{"minecraft:birch_log":2,"minecraft:crafting_table":3,"minecraft:andesite":1,"minecraft:leather":2,"minecraft:wooden_pickaxe":3,"minecraft:oak_log":17,"minecraft:pointed_dripstone":10,"minecraft:white_bed":1,"minecraft:dirt":49,"minecraft:rotten_flesh":8,"minecraft:stone_axe":1,"minecraft:beef":6,"minecraft:granite":3,"minecraft:stone_pickaxe":2,"minecraft:golden_horse_armor":1,"minecraft:chest":2,"minecraft:oak_planks":152,"minecraft:coal":32,"minecraft:cobblestone":34,"minecraft:furnace":2},"minecraft:mined":{"minecraft:andesite":1,"minecraft:crafting_table":2,"minecraft:granite":1,"minecraft:pointed_dripstone":7,"minecraft:short_grass":3,"minecraft:oak_log":17,"minecraft:grass_block":10,"minecraft:coal_ore":26,"minecraft:dirt":10,"minecraft:stone":23,"minecraft:oak_leaves":2}},"DataVersion":3955}