{"stats":{"minecraft:crafted":{"minecraft:oak_planks":68,"minecraft:shield":1,"minecraft:crafting_table":1,"minecraft:stick":8,"minecraft:iron_ingot":1,"minecraft:wooden_pickaxe":2,"minecraft:stone_pickaxe":1,"minecraft:furnace":1,"minecraft:stone_axe":1},"minecraft:used":{"minecraft:stone_pickaxe":30,"minecraft:chest":2,"minecraft:wooden_pickaxe":61,"minecraft:stone_axe":22,"minecraft:dirt":16,"minecraft:beef":5,"minecraft:crafting_table":1,"minecraft:furnace":1,"minecraft:white_bed":1},"minecraft:custom":{"minecraft:time_since_rest":1695,"minecraft:interact_with_furnace":3,"minecraft:sprint_one_cm":2074,"minecraft:damage_taken":2245,"minecraft:walk_one_cm":118721,"minecraft:mob_kills":5,"minecraft:drop":3,"minecraft:damage_dealt":1003,"minecraft:interact_with_crafting_table":10,"minecraft:fly_one_cm":4803,"minecraft:open_chest":3,"minecraft:crouch_one_cm":58,"minecraft:play_time":33931,"minecraft:deaths":8,"minecraft:sneak_time":13,"minecraft:walk_under_water_one_cm":2103,"minecraft:jump":658,"minecraft:leave_game":1,"minecraft:time_since_death":1659,"minecraft:walk_on_water_one_cm":6011,"minecraft:sleep_in_bed":1,"minecraft:total_world_time":33931,"minecraft:fall_one_cm":18416},"minecraft:broken":{"minecraft:wooden_pickaxe":1},"minecraft:dropped":{"minecraft:iron_ingot":1,"minecraft:raw_iron":5,"minecraft:coal":3},"minecraft:killed":{"minecraft:spider":1,"minecraft:cow":3},"minecraft:killed_by":{"minecraft:player":5,"minecraft:zombie":2},"minecraft:picked_up":{"minecraft:birch_log":2,"minecraft:crafting_table":4,"minecraft:andesite":1,"minecraft:leather":2,"minecraft:wooden_pickaxe":3,"minecraft:gravel":3,"minecraft:oak_log":17,"minecraft:pointed_dripstone":10,"minecraft:white_bed":1,"minecraft:dirt":49,"minecraft:rotten_flesh":8,"minecraft:stone_axe":1,"minecraft:iron_ingot":1,"minecraft:beef":6,"minecraft:granite":3,"minecraft:stone_pickaxe":2,"minecraft:golden_horse_armor":1,"minecraft:chest":3,"minecraft:oak_planks":152,"minecraft:coal":32,"minecraft:cobblestone":37,"minecraft:furnace":3},"minecraft:mined":{"minecraft:furnace":1,"minecraft:andesite":1,"minecraft:crafting_table":3,"minecraft:granite":1,"minecraft:pointed_dripstone":7,"minecraft:short_grass":3,"minecraft:oak_log":17,"minecraft:grass_block":10,"minecraft:coal_ore":26,"minecraft:chest":1,"minecraft:gravel":5,"minecraft:dirt":10,"minecraft:stone":23,"minecraft:oak_leaves":2}},"DataVersion":3955}