{"stats":{"minecraft:crafted":{"minecraft:oak_planks":68,"minecraft:crafting_table":1,"minecraft:stick":8,"minecraft:wooden_pickaxe":2,"minecraft:stone_pickaxe":1,"minecraft:furnace":1,"minecraft:stone_axe":1},"minecraft:used":{"minecraft:wooden_pickaxe":59,"minecraft:stone_axe":2,"minecraft:dirt":14,"minecraft:beef":2,"minecraft:crafting_table":1},"minecraft:custom":{"minecraft:time_since_rest":11834,"minecraft:sprint_one_cm":2039,"minecraft:damage_taken":190,"minecraft:walk_one_cm":53726,"minecraft:mob_kills":2,"minecraft:damage_dealt":243,"minecraft:interact_with_crafting_table":9,"minecraft:fly_one_cm":1040,"minecraft:crouch_one_cm":57,"minecraft:play_time":11834,"minecraft:sneak_time":6,"minecraft:walk_under_water_one_cm":2048,"minecraft:jump":222,"minecraft:time_since_death":11834,"minecraft:walk_on_water_one_cm":4736,"minecraft:total_world_time":11834,"minecraft:fall_one_cm":4428},"minecraft:broken":{"minecraft:wooden_pickaxe":1},"minecraft:killed":{"minecraft:spider":1,"minecraft:cow":1},"minecraft:picked_up":{"minecraft:crafting_table":1,"minecraft:leather":2,"minecraft:oak_log":17,"minecraft:dirt":17,"minecraft:beef":2,"minecraft:granite":1,"minecraft:oak_planks":11,"minecraft:coal":2,"minecraft:cobblestone":23},"minecraft:mined":{"minecraft:crafting_table":2,"minecraft:granite":1,"minecraft:short_grass":3,"minecraft:oak_log":17,"minecraft:grass_block":7,"minecraft:coal_ore":2,"minecraft:dirt":10,"minecraft:stone":23,"minecraft:oak_leaves":2}},"DataVersion":3955}