{"stats":{"minecraft:crafted":{"minecraft:stick":4,"minecraft:wooden_pickaxe":1,"minecraft:stone_pickaxe":1,"minecraft:birch_planks":16},"minecraft:used":{"minecraft:stone_pickaxe":42,"minecraft:wooden_pickaxe":6,"minecraft:dirt":8,"minecraft:fire_charge":1,"minecraft:golden_pickaxe":3},"minecraft:custom":{"minecraft:time_since_rest":2411,"minecraft:sprint_one_cm":141,"minecraft:damage_taken":815,"minecraft:walk_one_cm":82744,"minecraft:damage_dealt":53,"minecraft:interact_with_crafting_table":2,"minecraft:fly_one_cm":1631,"minecraft:open_chest":1,"minecraft:crouch_one_cm":8542,"minecraft:play_time":15960,"minecraft:deaths":2,"minecraft:sneak_time":3180,"minecraft:walk_under_water_one_cm":5972,"minecraft:jump":254,"minecraft:leave_game":1,"minecraft:time_since_death":2328,"minecraft:walk_on_water_one_cm":6186,"minecraft:total_world_time":15960,"minecraft:fall_one_cm":5724},"minecraft:killed_by":{"minecraft:skeleton":2},"minecraft:picked_up":{"minecraft:birch_log":4,"minecraft:crafting_table":1,"minecraft:raw_iron":6,"minecraft:golden_pickaxe":1,"minecraft:wooden_pickaxe":2,"minecraft:birch_planks":11,"minecraft:fire_charge":1,"minecraft:dirt":30,"minecraft:rotten_flesh":4,"minecraft:stone_pickaxe":1,"minecraft:light_weighted_pressure_plate":1,"minecraft:granite":1,"minecraft:golden_horse_armor":1,"minecraft:chest":1,"minecraft:coal":12,"minecraft:cobblestone":73},"minecraft:mined":{"minecraft:birch_log":4,"minecraft:iron_ore":3,"minecraft:crafting_table":1,"minecraft:granite":1,"minecraft:grass_block":3,"minecraft:coal_ore":6,"minecraft:chest":1,"minecraft:dirt":12,"minecraft:tall_grass":1,"minecraft:stone":36,"minecraft:netherrack":2}},"DataVersion":3955}