{"stats":{"minecraft:crafted":{"minecraft:birch_planks":16,"minecraft:stick":4,"minecraft:wooden_pickaxe":1,"minecraft:stone_pickaxe":1},"minecraft:used":{"minecraft:fire_charge":1,"minecraft:stone_pickaxe":39,"minecraft:wooden_pickaxe":6,"minecraft:golden_pickaxe":3},"minecraft:custom":{"minecraft:open_chest":1,"minecraft:time_since_rest":10525,"minecraft:crouch_one_cm":3936,"minecraft:sprint_one_cm":141,"minecraft:play_time":10525,"minecraft:damage_taken":120,"minecraft:walk_one_cm":58769,"minecraft:sneak_time":1546,"minecraft:walk_under_water_one_cm":5972,"minecraft:jump":120,"minecraft:damage_dealt":30,"minecraft:walk_on_water_one_cm":6186,"minecraft:time_since_death":10525,"minecraft:total_world_time":10525,"minecraft:fall_one_cm":1256,"minecraft:fly_one_cm":247,"minecraft:interact_with_crafting_table":2},"minecraft:picked_up":{"minecraft:birch_log":4,"minecraft:crafting_table":1,"minecraft:rotten_flesh":2,"minecraft:wooden_pickaxe":1,"minecraft:light_weighted_pressure_plate":1,"minecraft:fire_charge":1,"minecraft:granite":1,"minecraft:golden_horse_armor":1,"minecraft:coal":6,"minecraft:chest":1,"minecraft:cobblestone":38,"minecraft:dirt":15},"minecraft:mined":{"minecraft:grass_block":3,"minecraft:coal_ore":6,"minecraft:chest":1,"minecraft:dirt":12,"minecraft:birch_log":4,"minecraft:tall_grass":1,"minecraft:stone":36,"minecraft:netherrack":2,"minecraft:crafting_table":1,"minecraft:granite":1}},"DataVersion":3955}