{"stats":{"minecraft:crafted":{"minecraft:wooden_sword":1,"minecraft:oak_planks":48,"minecraft:crafting_table":3,"minecraft:wooden_pickaxe":3,"minecraft:bucket":1,"minecraft:birch_planks":20,"minecraft:stone_axe":2,"minecraft:air":0,"minecraft:flint_and_steel":1,"minecraft:shield":1,"minecraft:stick":20,"minecraft:iron_ingot":5,"minecraft:stone_pickaxe":2,"minecraft:stone_sword":2},"minecraft:used":{"minecraft:water_bucket":23,"minecraft:stone_sword":14,"minecraft:flint_and_steel":1,"minecraft:birch_planks":17,"minecraft:stone_pickaxe":15,"minecraft:wooden_pickaxe":27,"minecraft:rotten_flesh":2,"minecraft:dirt":5,"minecraft:crafting_table":6,"minecraft:white_bed":2,"minecraft:granite":1,"minecraft:lava_bucket":8,"minecraft:stone_axe":18,"minecraft:wooden_sword":3,"minecraft:bow":29,"minecraft:furnace":1,"minecraft:porkchop":1,"minecraft:bucket":32},"minecraft:custom":{"minecraft:interact_with_furnace":14,"minecraft:mob_kills":9,"minecraft:interact_with_crafting_table":11,"minecraft:leave_game":1,"minecraft:time_since_death":2421,"minecraft:sleep_in_bed":3,"minecraft:time_since_rest":2449,"minecraft:sprint_one_cm":87539,"minecraft:damage_taken":2377,"minecraft:walk_one_cm":37913,"minecraft:drop":1,"minecraft:damage_dealt":2275,"minecraft:swim_one_cm":10447,"minecraft:fly_one_cm":134302,"minecraft:player_kills":5,"minecraft:open_chest":2,"minecraft:crouch_one_cm":5737,"minecraft:play_time":33980,"minecraft:deaths":9,"minecraft:sneak_time":1846,"minecraft:walk_under_water_one_cm":1148,"minecraft:jump":889,"minecraft:walk_on_water_one_cm":4063,"minecraft:total_world_time":33980,"minecraft:fall_one_cm":32863},"minecraft:dropped":{"minecraft:iron_ingot":1},"minecraft:killed_by":{"minecraft:zombie":3,"minecraft:drowned":1},"minecraft:killed":{"minecraft:pig":1,"minecraft:skeleton":1,"minecraft:zombie":6,"minecraft:cow":1},"minecraft:picked_up":{"minecraft:birch_log":12,"minecraft:crafting_table":4,"minecraft:leather":7,"minecraft:wooden_pickaxe":2,"minecraft:flint":1,"minecraft:oak_log":14,"minecraft:dirt":9,"minecraft:beef":3,"minecraft:iron_ingot":1,"minecraft:stone_pickaxe":1,"minecraft:oak_planks":78,"minecraft:furnace":2,"minecraft:stick":1,"minecraft:raw_iron":5,"minecraft:gravel":5,"minecraft:porkchop":2,"minecraft:white_bed":3,"minecraft:rotten_flesh":8,"minecraft:stone_axe":2,"minecraft:granite":2,"minecraft:golden_horse_armor":1,"minecraft:oak_sapling":2,"minecraft:coal":9,"minecraft:cobblestone":41},"minecraft:mined":{"minecraft:white_bed":3,"minecraft:crafting_table":3,"minecraft:short_grass":2,"minecraft:grass_block":2,"minecraft:furnace":1,"minecraft:birch_log":6,"minecraft:oak_log":14,"minecraft:gravel":13,"minecraft:dirt":4,"minecraft:stone":35,"minecraft:oak_leaves":4}},"DataVersion":3955}