{"stats":{"minecraft:crafted":{"minecraft:wooden_sword":1,"minecraft:oak_planks":48,"minecraft:crafting_table":2,"minecraft:stick":12,"minecraft:wooden_pickaxe":2,"minecraft:stone_pickaxe":1,"minecraft:stone_sword":1,"minecraft:stone_axe":1},"minecraft:used":{"minecraft:wooden_pickaxe":19,"minecraft:stone_axe":6,"minecraft:wooden_sword":3,"minecraft:dirt":5,"minecraft:crafting_table":3,"minecraft:porkchop":1},"minecraft:custom":{"minecraft:time_since_rest":2949,"minecraft:sprint_one_cm":36565,"minecraft:damage_taken":504,"minecraft:walk_one_cm":11095,"minecraft:mob_kills":2,"minecraft:damage_dealt":264,"minecraft:interact_with_crafting_table":6,"minecraft:swim_one_cm":9971,"minecraft:fly_one_cm":54219,"minecraft:open_chest":1,"minecraft:crouch_one_cm":1835,"minecraft:play_time":11664,"minecraft:deaths":2,"minecraft:sneak_time":676,"minecraft:walk_under_water_one_cm":1116,"minecraft:jump":263,"minecraft:time_since_death":2922,"minecraft:walk_on_water_one_cm":1040,"minecraft:total_world_time":11664,"minecraft:fall_one_cm":5287},"minecraft:killed_by":{"minecraft:drowned":1,"minecraft:zombie":1},"minecraft:killed":{"minecraft:pig":1,"minecraft:cow":1},"minecraft:picked_up":{"minecraft:stick":1,"minecraft:crafting_table":1,"minecraft:leather":1,"minecraft:porkchop":2,"minecraft:oak_log":14,"minecraft:dirt":5,"minecraft:beef":2,"minecraft:oak_sapling":2,"minecraft:cobblestone":14},"minecraft:mined":{"minecraft:crafting_table":1,"minecraft:grass_block":1,"minecraft:oak_log":14,"minecraft:dirt":4,"minecraft:stone":13,"minecraft:oak_leaves":4}},"DataVersion":3955}