{"stats":{"minecraft:crafted":{"minecraft:wooden_sword":1,"minecraft:oak_planks":48,"minecraft:crafting_table":3,"minecraft:stick":20,"minecraft:wooden_pickaxe":3,"minecraft:stone_pickaxe":2,"minecraft:stone_sword":2,"minecraft:birch_planks":20,"minecraft:stone_axe":2},"minecraft:used":{"minecraft:stone_sword":1,"minecraft:wooden_pickaxe":27,"minecraft:rotten_flesh":2,"minecraft:stone_axe":17,"minecraft:wooden_sword":3,"minecraft:dirt":5,"minecraft:crafting_table":4,"minecraft:porkchop":1,"minecraft:white_bed":1,"minecraft:granite":1},"minecraft:custom":{"minecraft:time_since_rest":2038,"minecraft:sprint_one_cm":71903,"minecraft:damage_taken":1889,"minecraft:walk_one_cm":26241,"minecraft:mob_kills":9,"minecraft:damage_dealt":1549,"minecraft:player_kills":1,"minecraft:interact_with_crafting_table":8,"minecraft:swim_one_cm":9971,"minecraft:fly_one_cm":110166,"minecraft:open_chest":1,"minecraft:crouch_one_cm":4532,"minecraft:play_time":23664,"minecraft:deaths":7,"minecraft:sneak_time":1410,"minecraft:walk_under_water_one_cm":1116,"minecraft:jump":719,"minecraft:time_since_death":2011,"minecraft:walk_on_water_one_cm":1040,"minecraft:sleep_in_bed":3,"minecraft:total_world_time":23664,"minecraft:fall_one_cm":28959},"minecraft:killed_by":{"minecraft:drowned":1,"minecraft:zombie":3},"minecraft:killed":{"minecraft:skeleton":1,"minecraft:zombie":6,"minecraft:pig":1,"minecraft:cow":1},"minecraft:picked_up":{"minecraft:birch_log":12,"minecraft:stick":1,"minecraft:crafting_table":3,"minecraft:leather":7,"minecraft:wooden_pickaxe":2,"minecraft:porkchop":2,"minecraft:oak_log":14,"minecraft:white_bed":1,"minecraft:dirt":8,"minecraft:rotten_flesh":8,"minecraft:stone_axe":2,"minecraft:beef":3,"minecraft:granite":2,"minecraft:stone_pickaxe":1,"minecraft:golden_horse_armor":1,"minecraft:oak_sapling":2,"minecraft:coal":6,"minecraft:oak_planks":78,"minecraft:cobblestone":41,"minecraft:furnace":1},"minecraft:mined":{"minecraft:white_bed":1,"minecraft:birch_log":6,"minecraft:crafting_table":2,"minecraft:short_grass":2,"minecraft:grass_block":1,"minecraft:oak_log":14,"minecraft:dirt":4,"minecraft:stone":21,"minecraft:oak_leaves":4}},"DataVersion":3955}